request_id,duration,fingerprint,http_method,response_size,http_status,last_seen,url
6ab9c3ea-4fb8-4a24-92cc-1cbcac5af890,453 ms,9b2368a2129a810fa7925155912aa4fb9eb367c0,GET,59368 bytes,200,2026-06-26 00:35:08 UTC,https://www.itftennis.com/tennis/api/TournamentApi/GetCalendar
bc03de66-db70-43eb-89ec-394dde871772,5358 ms,917603b461bd4485d40f1e0f957d255c36d0db72,GET,308158 bytes,200,2026-06-26 00:35:15 UTC,https://www.itftennis.com/en/tournament/m25-troisdorf/ger/2026/m-itf-ger-2026-019/
06814b9b-42b5-4827-a1bd-3363b40d2afc,565 ms,afefbcd63e7eea7690b6cafa7f40a9971bf1ca81,GET,212 bytes,200,2026-06-26 00:35:16 UTC,https://www.itftennis.com/tennis/api/TournamentApi/GetEventFilters?tournamentKey=m-itf-ger-2026-019
5498a546-a382-44e3-817d-1f818e8a6a78,7897 ms,86a0e0a5b461c8c54c13741f12e0e5d7a76e3565,GET,307534 bytes,200,2026-06-26 00:35:17 UTC,https://www.itftennis.com/en/tournament/m25-kursumlijska-banja-/srb/2026/m-itf-srb-2026-003/
873ce943-30fb-4e1d-a057-74200afaa111,421 ms,d23bfd53a7c9f228f04e14d2c8a1a63ccc070853,GET,212 bytes,200,2026-06-26 00:35:17 UTC,https://www.itftennis.com/tennis/api/TournamentApi/GetEventFilters?tournamentKey=m-itf-srb-2026-003
e7d896a3-d09c-4f67-801f-5b0145ced413,7893 ms,41e0416791a9fbc4dcec73e96881a0e8dd857e4f,GET,305142 bytes,200,2026-06-26 00:35:17 UTC,https://www.itftennis.com/en/tournament/m25-grado/ita/2026/m-itf-ita-2026-033/
4f0d5150-2eeb-45f3-b51e-4ce900dd168d,12272 ms,b7a189c454728b3734ed67d2d1081194034986dd,GET,308462 bytes,200,2026-06-26 00:35:21 UTC,https://www.itftennis.com/en/tournament/m25-carnac/fra/2026/m-itf-fra-2026-010/
2b86ec9f-521f-4fc3-b2ff-d7a32a0c0970,4522 ms,ec058a961373a6c9a8b5387dbfd7263fa89f35fc,GET,212 bytes,200,2026-06-26 00:35:22 UTC,https://www.itftennis.com/tennis/api/TournamentApi/GetEventFilters?tournamentKey=m-itf-ita-2026-033
85553267-650d-48bf-936a-42423b2320dc,12476 ms,e5cc5e3240fcef8e937999bf03ec3bce1c350f64,GET,307501 bytes,200,2026-06-26 00:35:22 UTC,https://www.itftennis.com/en/tournament/m25-bol/cro/2026/m-itf-cro-2026-006/
ee494da7-d0c5-4950-8408-8c52b6d841a2,337 ms,d0ac736c7e84cea4fd70494b63fa83acf7dd20a5,GET,659 bytes,200,2026-06-26 00:35:22 UTC,https://www.itftennis.com/tennis/api/TournamentApi/GetEventFilters?tournamentKey=m-itf-fra-2026-010
5304e536-4153-4757-a539-bc31e7501588,454 ms,ef31ae25827c1994a012df95fdbf96e21918bd32,GET,212 bytes,200,2026-06-26 00:35:22 UTC,https://www.itftennis.com/tennis/api/TournamentApi/GetEventFilters?tournamentKey=m-itf-cro-2026-006
e20d4041-3694-4300-ba91-e876b8b99715,246 ms,7ce757d84d85772ed926e3423fe5d4e603d22a29,GET,212 bytes,200,2026-06-26 00:35:22 UTC,https://www.itftennis.com/tennis/api/TournamentApi/GetDrawsheet
e24307cd-b356-474d-9ad1-a52484eb3672,108 ms,7ce757d84d85772ed926e3423fe5d4e603d22a29,GET,212 bytes,200,2026-06-26 00:35:22 UTC,https://www.itftennis.com/tennis/api/TournamentApi/GetDrawsheet
083b471f-6360-4d2c-aa64-24ea448288da,129 ms,7ce757d84d85772ed926e3423fe5d4e603d22a29,GET,212 bytes,200,2026-06-26 00:35:22 UTC,https://www.itftennis.com/tennis/api/TournamentApi/GetDrawsheet
d1782ee4-6cfa-475a-9f97-de80144bf923,7233 ms,08dce8c349536c4ba8f572626df43eeb0cff33c2,GET,307670 bytes,200,2026-06-26 00:35:30 UTC,https://www.itftennis.com/en/tournament/m15-monastir/tun/2026/m-itf-tun-2026-026/
eb910636-2a0a-4389-80bd-45a5b47970fa,277 ms,6daf0c1b05b565ecfb871833840bde8f24795f3a,GET,212 bytes,200,2026-06-26 00:35:30 UTC,https://www.itftennis.com/tennis/api/TournamentApi/GetEventFilters?tournamentKey=m-itf-tun-2026-026
32f9a638-3acb-4865-889a-a03c01315186,7378 ms,1a7b475c1798dbcb9d422328a5998f468eb08e34,GET,307427 bytes,200,2026-06-26 00:35:31 UTC,https://www.itftennis.com/en/tournament/m15-luan/chn/2026/m-itf-chn-2026-010/
5be54a08-0c19-435b-84f4-e68b922f57ed,334 ms,e01a9a149f99cbb0c120389ee9a7a3f00d52d7d3,GET,854 bytes,200,2026-06-26 00:35:31 UTC,https://www.itftennis.com/tennis/api/TournamentApi/GetEventFilters?tournamentKey=m-itf-chn-2026-010
a3dc2613-1d42-44c6-b506-216315d09c75,6081 ms,af74bbb4924b88b492591da7a9c0e80e547cbae8,GET,307628 bytes,200,2026-06-26 00:35:32 UTC,https://www.itftennis.com/en/tournament/m15-kutaisi/geo/2026/m-itf-geo-2026-003/
f19cbe8c-05bd-470b-a818-69e2691f18eb,7251 ms,bf5427a9db8efa61601a31a0ec0595a7a8e91fe6,GET,307117 bytes,200,2026-06-26 00:35:32 UTC,https://www.itftennis.com/en/tournament/m15-gimcheon/kor/2026/m-itf-kor-2026-003/
b37220d1-8243-4078-8aae-bc6d9e96f1c6,399 ms,08c1409d1cb9d14e0a9206d6568ff17d2f21e7bc,GET,212 bytes,200,2026-06-26 00:35:32 UTC,https://www.itftennis.com/tennis/api/TournamentApi/GetEventFilters?tournamentKey=m-itf-geo-2026-003
8855c3ce-a1ed-4d41-9e0f-351ae5b1b702,222 ms,30ed98c759b67f03583c7d6fb05f29cac508e577,GET,212 bytes,200,2026-06-26 00:35:32 UTC,https://www.itftennis.com/tennis/api/TournamentApi/GetEventFilters?tournamentKey=m-itf-kor-2026-003
f488aa23-2ede-46fc-8247-577a58784e23,310 ms,3f783001f1e8d585433926b5f501bad7933803c9,GET,212 bytes,200,2026-06-26 00:35:32 UTC,https://www.itftennis.com/tennis/api/TournamentApi/GetEventFilters?tournamentKey=m-itf-chn-2026-010
9ddfa5cc-b4a8-459f-8cf9-54a8a9c86060,7367 ms,6918748851d037c7e6b4a00b464c80286ac0a827,GET,307441 bytes,200,2026-06-26 00:35:33 UTC,https://www.itftennis.com/en/tournament/m15-karuizawa/jpn/2026/m-itf-jpn-2026-007/
f52a65b3-7259-4ffd-9759-f66ce437a163,467 ms,36666b6bfcea6e2fede9c8199388a147878632d6,GET,659 bytes,200,2026-06-26 00:35:33 UTC,https://www.itftennis.com/tennis/api/TournamentApi/GetEventFilters?tournamentKey=m-itf-jpn-2026-007
3c6189a5-040c-4289-9062-a0a056bbe5cd,225 ms,7ce757d84d85772ed926e3423fe5d4e603d22a29,GET,212 bytes,200,2026-06-26 00:35:34 UTC,https://www.itftennis.com/tennis/api/TournamentApi/GetDrawsheet
d5b0fc66-e4c6-45c9-bd82-08d5bbe5bc87,371 ms,7ce757d84d85772ed926e3423fe5d4e603d22a29,GET,212 bytes,200,2026-06-26 00:35:34 UTC,https://www.itftennis.com/tennis/api/TournamentApi/GetDrawsheet
6a6fee3c-9411-41db-b503-7c2b843a018d,34 ms,7ce757d84d85772ed926e3423fe5d4e603d22a29,GET,212 bytes,200,2026-06-26 00:35:34 UTC,https://www.itftennis.com/tennis/api/TournamentApi/GetDrawsheet
269e6ba2-3305-4552-87c6-d264343a40af,7487 ms,a34826701be0ff39676cc8bcc71f0054de8c4902,GET,307674 bytes,200,2026-06-26 00:35:40 UTC,https://www.itftennis.com/en/tournament/m15-lakewood-ca/usa/2026/m-itf-usa-2026-017/
8ba314ca-0a2f-4cf3-a67c-41fe13a885b3,544 ms,33d0b13c7d1005bfb6dbb39600989ed8ef0e2d6a,GET,846 bytes,200,2026-06-26 00:35:41 UTC,https://www.itftennis.com/tennis/api/TournamentApi/GetEventFilters?tournamentKey=m-itf-usa-2026-017
34dcb090-e3aa-4d0e-932d-3b722d10022a,167 ms,92278bf8f4409a009214687374a6f6ad6cc6af1a,GET,212 bytes,200,2026-06-26 00:35:42 UTC,https://www.itftennis.com/tennis/api/TournamentApi/GetEventFilters?tournamentKey=m-itf-usa-2026-017
d0b92e56-4571-4eb6-80c7-0feb778d3d86,7106 ms,1044b042c2f9d07f21245cb4230a3bb80d7984a3,GET,308231 bytes,200,2026-06-26 00:35:43 UTC,https://www.itftennis.com/en/tournament/m15-kayseri/tur/2026/m-itf-tur-2026-015/
bc49f8d1-12b2-4682-847f-2c8aaa1840cd,161 ms,506ba329b88859e18a837a5b0c3412c9e112cd4d,GET,212 bytes,200,2026-06-26 00:35:43 UTC,https://www.itftennis.com/tennis/api/TournamentApi/GetEventFilters?tournamentKey=m-itf-tur-2026-015
f5764c07-a6ea-49f3-9867-4a2f9df8b38e,7247 ms,a23d8096a7a7fa078277cb31c4f079ad1f23d507,GET,307544 bytes,200,2026-06-26 00:35:44 UTC,https://www.itftennis.com/en/tournament/m15-tsaghkadzor/arm/2026/m-itf-arm-2026-002/
fefac2c2-a72e-486f-a0c9-d2a9b0d7f858,163 ms,2f3c2b4bae3bdef06bf4db43b2020459c8470d53,GET,212 bytes,200,2026-06-26 00:35:44 UTC,https://www.itftennis.com/tennis/api/TournamentApi/GetEventFilters?tournamentKey=m-itf-arm-2026-002
f3adf161-778e-469a-af46-9aea3a190583,9980 ms,64614b4349cc289fc5e329153567415739f6b86a,GET,307572 bytes,200,2026-06-26 00:35:45 UTC,https://www.itftennis.com/en/tournament/m15-kranjska-gora/slo/2026/m-itf-slo-2026-002/
9131bde9-edc9-4f43-aa54-d54900963483,303 ms,db07f2beb14e7c1811edf4d3e4fdc8e2489f0085,GET,212 bytes,200,2026-06-26 00:35:45 UTC,https://www.itftennis.com/tennis/api/TournamentApi/GetEventFilters?tournamentKey=m-itf-slo-2026-002
3e715086-5fec-48cf-9fa2-4ef41cc6fe32,6771 ms,b1c34fcd69694589500b44f5577e10580bf83173,GET,307810 bytes,200,2026-06-26 00:35:51 UTC,https://www.itftennis.com/en/tournament/m25-caltanissetta/ita/2026/m-itf-ita-2026-023/
30ad9bbc-e75e-41a4-b096-976e1a3a0268,234 ms,6bbbff40ea5a180ce1b199376aba981552c3213f,GET,212 bytes,200,2026-06-26 00:35:51 UTC,https://www.itftennis.com/tennis/api/TournamentApi/GetEventFilters?tournamentKey=m-itf-ita-2026-023
215a8917-0db1-489b-bce5-7884c78499b0,7345 ms,f7c5a640d3caf51a2a454f8ddc12788b173883b0,GET,307868 bytes,200,2026-06-26 00:35:54 UTC,https://www.itftennis.com/en/tournament/m25-bistrita/rou/2026/m-itf-rou-2026-002/
b64252ec-d4cb-4f32-9011-e360cdeaed3e,494 ms,6c29f8e4dba66030d377bd844c37b27275d15c5b,GET,659 bytes,200,2026-06-26 00:35:54 UTC,https://www.itftennis.com/tennis/api/TournamentApi/GetEventFilters?tournamentKey=m-itf-rou-2026-002
ab652cb8-cbf1-4c3b-a5fb-d8abbad55c2a,7076 ms,639bded85ecc162a75845b745f69bd1ddbe4029d,GET,307845 bytes,200,2026-06-26 00:35:54 UTC,https://www.itftennis.com/en/tournament/m15-monastir/tun/2026/m-itf-tun-2026-027/
a5c5b155-2c11-430f-ab1a-57b01bd051d0,299 ms,7ce757d84d85772ed926e3423fe5d4e603d22a29,GET,212 bytes,200,2026-06-26 00:35:54 UTC,https://www.itftennis.com/tennis/api/TournamentApi/GetDrawsheet
f6c8aa6c-ea55-4a91-8fb0-1599562ec6f2,101 ms,7ce757d84d85772ed926e3423fe5d4e603d22a29,GET,212 bytes,200,2026-06-26 00:35:55 UTC,https://www.itftennis.com/tennis/api/TournamentApi/GetDrawsheet
96f62591-63db-4216-bf50-57522a38593d,181 ms,7ce757d84d85772ed926e3423fe5d4e603d22a29,GET,212 bytes,200,2026-06-26 00:35:55 UTC,https://www.itftennis.com/tennis/api/TournamentApi/GetDrawsheet
1d4f3cad-ddb4-40f0-a953-c3c9d3481b37,716 ms,0c6188496a8586f1e3ed3950c1bcd8db48b7abd4,GET,212 bytes,200,2026-06-26 00:35:55 UTC,https://www.itftennis.com/tennis/api/TournamentApi/GetEventFilters?tournamentKey=m-itf-tun-2026-027
c9088311-7fbc-4f7f-9aa0-f9eeddc6f506,7393 ms,b695b3d009258e8357cd389e7f2d554d90a8e722,GET,307694 bytes,200,2026-06-26 00:36:02 UTC,https://www.itftennis.com/en/tournament/m15-kayseri/tur/2026/m-itf-tur-2026-016/
6aedae59-6c3a-4ca3-a2d6-18d69eb62482,139 ms,6dc17bfd322027e99c74bb25b596cf21bc628ebf,GET,212 bytes,200,2026-06-26 00:36:02 UTC,https://www.itftennis.com/tennis/api/TournamentApi/GetEventFilters?tournamentKey=m-itf-tur-2026-016
3d846c17-0a13-41f5-8fa0-fdffb767c48a,26071 ms,166e8b09d3ab2a958020d50619bd3dac918ea3f3,GET,305881 bytes,200,2026-06-26 00:36:02 UTC,https://www.itftennis.com/en/tournament/m15-brcko/bih/2026/m-itf-bih-2026-003/
606b8cde-64db-4cf7-88e2-0199dd39fac9,77 ms,6fc66808b7fb51618335b2de418cc8b2d5f56f06,GET,212 bytes,200,2026-06-26 00:36:02 UTC,https://www.itftennis.com/tennis/api/TournamentApi/GetEventFilters?tournamentKey=m-itf-bih-2026-003
8a363911-c824-407f-9994-69b7eb6684d0,7205 ms,b829dc2874185b069f94b450384008e4d86eb56c,GET,307992 bytes,200,2026-06-26 00:36:03 UTC,https://www.itftennis.com/en/tournament/m15-ljubljana/slo/2026/m-itf-slo-2026-003/
93b7e68f-d4b4-4dec-bdb6-5d7d0a760b3e,7144 ms,5d38dd4866eccb13276f88740d3668b41976f22f,GET,307903 bytes,200,2026-06-26 00:36:04 UTC,https://www.itftennis.com/en/tournament/m15-szentendre/hun/2026/m-itf-hun-2026-001/
d1c1edee-ced2-4c26-b315-e379db9265f5,309 ms,e885a1b301d4be8b95b668c6fb85b6f300053946,GET,659 bytes,200,2026-06-26 00:36:04 UTC,https://www.itftennis.com/tennis/api/TournamentApi/GetEventFilters?tournamentKey=m-itf-slo-2026-003
0d513851-123e-412f-a508-9f8c895af82e,423 ms,c894d6c0a28d354bf511046977b1a60b92e28222,GET,212 bytes,200,2026-06-26 00:36:04 UTC,https://www.itftennis.com/tennis/api/TournamentApi/GetEventFilters?tournamentKey=m-itf-hun-2026-001
d2141fee-10d8-4874-ad24-57cf9f238948,269 ms,7ce757d84d85772ed926e3423fe5d4e603d22a29,GET,212 bytes,200,2026-06-26 00:36:04 UTC,https://www.itftennis.com/tennis/api/TournamentApi/GetDrawsheet
9e9bcd32-2c26-439a-930d-f2f90904b589,427 ms,7ce757d84d85772ed926e3423fe5d4e603d22a29,GET,212 bytes,200,2026-06-26 00:36:04 UTC,https://www.itftennis.com/tennis/api/TournamentApi/GetDrawsheet
32d1cdea-93f2-4282-96e7-d13e489ad853,25 ms,7ce757d84d85772ed926e3423fe5d4e603d22a29,GET,212 bytes,200,2026-06-26 00:36:05 UTC,https://www.itftennis.com/tennis/api/TournamentApi/GetDrawsheet
45ee4157-877e-48fc-9b0b-53d4c104109d,7569 ms,e65b725d528e4c5bd40b7416696a5a34a1727d4c,GET,308310 bytes,200,2026-06-26 00:36:11 UTC,https://www.itftennis.com/en/tournament/m15-tsaghkadzor/arm/2026/m-itf-arm-2026-001/
93303fd9-a332-43ae-be7b-4efa5f21b210,159 ms,b17eef0bf11cde72b22aa8795aaf9ed171da58bf,GET,212 bytes,200,2026-06-26 00:36:12 UTC,https://www.itftennis.com/tennis/api/TournamentApi/GetEventFilters?tournamentKey=m-itf-arm-2026-001
8f0807ad-dc7f-49ae-a766-12aa038f9fb4,8538 ms,e99451cc50dcdb16d414f5f98b1025e81179fe3d,GET,309455 bytes,200,2026-06-26 00:36:13 UTC,https://www.itftennis.com/en/tournament/m15-lakewood-ca/usa/2026/m-itf-usa-2026-019/
bd1962f0-ffa3-46d9-8949-fd5c928c419a,363 ms,7e57513ced861b2ddf01bfeae3ac4abb69a633ca,GET,212 bytes,200,2026-06-26 00:36:13 UTC,https://www.itftennis.com/tennis/api/TournamentApi/GetEventFilters?tournamentKey=m-itf-usa-2026-019
fe54189d-0658-4e1d-b34a-426db35b1626,25651 ms,fa22a6eeba5c9fa66064842d1d20fe8d28e1285c,GET,308078 bytes,200,2026-06-26 00:36:13 UTC,https://www.itftennis.com/en/tournament/m25-cuiaba/bra/2026/m-itf-bra-2026-009/
6eac405f-ef8a-4a93-ab72-895fed3d07f0,244 ms,36fa7f8d7bedf4032201c331cd4120d5a57425cd,GET,212 bytes,200,2026-06-26 00:36:13 UTC,https://www.itftennis.com/tennis/api/TournamentApi/GetEventFilters?tournamentKey=m-itf-bra-2026-009
8d7c7fdf-f50e-4125-b75a-cad46cfbf62b,7607 ms,58402ebe478337863cc2c99ddf2c30f939fe2dcc,GET,308044 bytes,200,2026-06-26 00:36:15 UTC,https://www.itftennis.com/en/tournament/m15-rosbach/ger/2026/m-itf-ger-2026-016/
ad188c77-e398-4324-8572-24ffcb676bda,8278 ms,6511e417acab5363815872bc11913bc6802cccf6,GET,307489 bytes,200,2026-06-26 00:36:15 UTC,https://www.itftennis.com/en/tournament/m15-harmon/gum/2026/m-itf-gum-2026-002/
d2e74617-20a4-4494-9a56-d9287c6b39aa,168 ms,6e0d8c16344671e7698450bb28bc931736b30012,GET,212 bytes,200,2026-06-26 00:36:15 UTC,https://www.itftennis.com/tennis/api/TournamentApi/GetEventFilters?tournamentKey=m-itf-ger-2026-016
bf27110f-5e7d-4b47-a460-b52136fd13d0,604 ms,b609220db7ce9e041c67d8054fc4ba99c76d1b86,GET,212 bytes,200,2026-06-26 00:36:16 UTC,https://www.itftennis.com/tennis/api/TournamentApi/GetEventFilters?tournamentKey=m-itf-gum-2026-002
da2d0071-f637-4c25-a430-c45023cb5419,7629 ms,17024cdcb8924ae48b8eb23b2c5b8f59cbba4cec,GET,307479 bytes,200,2026-06-26 00:36:22 UTC,https://www.itftennis.com/en/tournament/m15-luan/chn/2026/m-itf-chn-2026-011/
ff46522c-ecb2-4172-ae3e-9de85d195b57,6836 ms,c5fe78def70aa3ed13be617c52d8e57de5178814,GET,307361 bytes,200,2026-06-26 00:36:22 UTC,https://www.itftennis.com/en/tournament/m15-kursumlijska-banja-/srb/2026/m-itf-srb-2026-004/
6aafad64-f257-450f-bc1a-3c497cf124ae,369 ms,ed568290819735ca20899e32a46d77c4f0fee6d6,GET,212 bytes,200,2026-06-26 00:36:22 UTC,https://www.itftennis.com/tennis/api/TournamentApi/GetEventFilters?tournamentKey=m-itf-chn-2026-011
db108199-6f0d-46ff-a94d-ee1749c92827,256 ms,5f46793abadbbe65a4bc3ac4b628cecc70cec07d,GET,212 bytes,200,2026-06-26 00:36:22 UTC,https://www.itftennis.com/tennis/api/TournamentApi/GetEventFilters?tournamentKey=m-itf-srb-2026-004
1836652a-fe06-4894-9d53-752932adabad,8447 ms,5b5c9cfbfe34ad413d3f7602ca77e874c7d1e68a,GET,529570 bytes,200,2026-06-26 00:36:24 UTC,https://www.itftennis.com/en/tournament/m25-vaernamo/swe/2026/m-itf-swe-2026-001/
b84b6d77-5432-4bb7-bf3f-dd82d7141f52,302 ms,21416998489ce9b47052308c0a21de45f342e9ba,GET,212 bytes,200,2026-06-26 00:36:24 UTC,https://www.itftennis.com/tennis/api/TournamentApi/GetEventFilters?tournamentKey=m-itf-swe-2026-001
5c3a9d14-214e-4fcf-ae0f-aa3c38d63283,7073 ms,f6701129128a4071537f5391525a0dbdd8278d68,GET,599561 bytes,200,2026-06-26 00:36:26 UTC,https://www.itftennis.com/en/tournament/m25-kiseljak/bih/2026/m-itf-bih-2026-004/
24871dd3-4370-4163-8ac0-fa1451be838b,445 ms,93095629f97ff9ae627a6d606c347672fee7303c,GET,659 bytes,200,2026-06-26 00:36:27 UTC,https://www.itftennis.com/tennis/api/TournamentApi/GetEventFilters?tournamentKey=m-itf-bih-2026-004
0df2529b-89ec-470b-b601-69868b004151,8046 ms,f5eeddc45196f475e87f9da11039a99d10147650,GET,560683 bytes,200,2026-06-26 00:36:27 UTC,https://www.itftennis.com/en/tournament/m25-ceska-lipa/cze/2026/m-itf-cze-2026-003/
2edb3a77-5af7-4eb4-b2f5-3621c6831552,222 ms,f5289da1cfbfa6ea5a2e5f22582de6fd234587a3,GET,956 bytes,200,2026-06-26 00:36:27 UTC,https://www.itftennis.com/tennis/api/TournamentApi/GetDrawsheet
a724f5e2-4639-4b18-a586-d160bdea512d,179 ms,7ce757d84d85772ed926e3423fe5d4e603d22a29,GET,212 bytes,200,2026-06-26 00:36:28 UTC,https://www.itftennis.com/tennis/api/TournamentApi/GetDrawsheet
1e15af0e-767a-4f82-bd72-2599efc862f2,504 ms,7ce757d84d85772ed926e3423fe5d4e603d22a29,GET,212 bytes,200,2026-06-26 00:36:29 UTC,https://www.itftennis.com/tennis/api/TournamentApi/GetDrawsheet
23697f0e-f29a-4a5e-a3b0-3500ef8bbf56,338 ms,7ce757d84d85772ed926e3423fe5d4e603d22a29,GET,212 bytes,200,2026-06-26 00:36:29 UTC,https://www.itftennis.com/tennis/api/TournamentApi/GetDrawsheet
945f8dd3-b2a0-42a8-8572-c45b0b818969,7338 ms,8e15c1b2bf33655365656ac2f1a76320b9d43dba,GET,561349 bytes,200,2026-06-26 00:36:31 UTC,https://www.itftennis.com/en/tournament/m25-martos/esp/2026/m-itf-esp-2026-039/
4c896899-a7b6-4452-8dda-e5890bd865d4,119 ms,b3239423827ec80d8ea9cc66dbb0e303de5672d6,GET,212 bytes,200,2026-06-26 00:36:32 UTC,https://www.itftennis.com/tennis/api/TournamentApi/GetEventFilters?tournamentKey=m-itf-esp-2026-039
f066b1b8-d524-4d71-bf7c-c60b61581773,7224 ms,a712bdd5437bae612cb405a580515a8f6c2f6909,GET,417005 bytes,200,2026-06-26 00:36:35 UTC,https://www.itftennis.com/en/tournament/m15-brasilia/bra/2026/m-itf-bra-2026-008/
f3f3bdba-4cd8-41b3-8bd3-484597e0db3d,227 ms,daf8bbbcdfcb950df302e240cd7810884073338b,GET,212 bytes,200,2026-06-26 00:36:36 UTC,https://www.itftennis.com/tennis/api/TournamentApi/GetEventFilters?tournamentKey=m-itf-bra-2026-008
0f6e6123-db83-4219-9f2b-c96e006df607,6629 ms,dd6bc05610be11ba375d335d80a17358f1e05b99,GET,590076 bytes,200,2026-06-26 00:36:36 UTC,https://www.itftennis.com/en/tournament/m15-monastir/tun/2026/m-itf-tun-2026-028/
6ba1e3d8-7d86-47dc-9761-f832f70d0243,284 ms,9cf92c7b51511bca5228d46399e2e5f3f318ea24,GET,212 bytes,200,2026-06-26 00:36:37 UTC,https://www.itftennis.com/tennis/api/TournamentApi/GetEventFilters?tournamentKey=m-itf-tun-2026-028
51d97928-02bd-461d-984e-90e37e3f23b7,6560 ms,adff5c7eafad079d1bb66b0a404e7ab9139824d2,GET,466196 bytes,200,2026-06-26 00:36:39 UTC,https://www.itftennis.com/en/tournament/m15-maanshan/chn/2026/m-itf-chn-2026-014/
73a4c402-addc-49dc-8ae2-1f94cd4f4245,384 ms,87cd55faff98922ac79539a446eb97097997909d,GET,212 bytes,200,2026-06-26 00:36:40 UTC,https://www.itftennis.com/tennis/api/TournamentApi/GetEventFilters?tournamentKey=m-itf-chn-2026-014
e93c0a18-9e6a-4ec8-80ed-700413305b57,7635 ms,75c9a0fa0c7d4ba120a1241daec4cfbb1353a228,GET,655982 bytes,200,2026-06-26 00:36:43 UTC,https://www.itftennis.com/en/tournament/m15-kursumlijska-banja-/srb/2026/m-itf-srb-2026-005/
5ee4c36b-f26b-41fd-abaf-f3e3ad5d447a,106 ms,87fd5da09fbe0dc1627ce475602f716d4de56caa,GET,212 bytes,200,2026-06-26 00:36:43 UTC,https://www.itftennis.com/tennis/api/TournamentApi/GetEventFilters?tournamentKey=m-itf-srb-2026-005
2ae4f730-46d9-4521-b75a-95acabcefb51,6323 ms,782f43ebbd8e305487095abff939fa1783f6adb0,GET,633144 bytes,200,2026-06-26 00:36:46 UTC,https://www.itftennis.com/en/tournament/m15-curtea-de-arges/rou/2026/m-itf-rou-2026-003/
6a3bdbc6-e98f-452f-a500-1337653a5272,125 ms,ef12de467eb73e3dbe1ef45512049ac5151e7e95,GET,212 bytes,200,2026-06-26 00:36:46 UTC,https://www.itftennis.com/tennis/api/TournamentApi/GetEventFilters?tournamentKey=m-itf-rou-2026-003
e0c9a563-904a-4f22-bca2-8f364c10590d,6616 ms,48abbc99ba377abc39b990b732121d495b956e37,GET,469624 bytes,200,2026-06-26 00:36:50 UTC,https://www.itftennis.com/en/tournament/m15-los-angeles-ca/usa/2026/m-itf-usa-2026-021/
2d78c39b-b412-4505-a781-67d1c54679f1,25271 ms,44d49bc8c29518ffaaaabd4b8554cbb48e5bb92c,GET,407241 bytes,200,2026-06-26 00:36:50 UTC,https://www.itftennis.com/en/tournament/m25-wichita-ks/usa/2026/m-itf-usa-2026-036/
6388fc2e-b1e7-45aa-993a-10a2d8f61669,293 ms,6d23c8cc6e13c3809733cf6b56bf3b57e2586cfe,GET,954 bytes,200,2026-06-26 00:36:51 UTC,https://www.itftennis.com/tennis/api/TournamentApi/GetEventFilters?tournamentKey=m-itf-usa-2026-021
f504ec79-ef0b-4fab-ab59-76d98043fdf6,317 ms,93be92212df51544ba4588ac98a10d88582e6781,GET,212 bytes,200,2026-06-26 00:36:51 UTC,https://www.itftennis.com/tennis/api/TournamentApi/GetEventFilters?tournamentKey=m-itf-usa-2026-036
5eddd6f9-e401-44b3-8f16-9fb91c799cf8,408 ms,39b67acc65eabffcf34659cd3cebcde3d5abfc21,GET,952 bytes,200,2026-06-26 00:36:52 UTC,https://www.itftennis.com/tennis/api/TournamentApi/GetEventFilters?tournamentKey=m-itf-usa-2026-021
f065ef5e-f1e7-4ec9-80b3-4127b631671e,5923 ms,feb9edff803758132296e1098989d2b63e448e20,GET,482015 bytes,200,2026-06-26 00:36:52 UTC,https://www.itftennis.com/en/tournament/m15-tokyo/jpn/2026/m-itf-jpn-2026-009/
17115808-f280-4b1f-a320-6bdd996d5b55,302 ms,ea305d21c52e24106c0a40cf9ae19e7230cd96d2,GET,955 bytes,200,2026-06-26 00:36:52 UTC,https://www.itftennis.com/tennis/api/TournamentApi/GetEventFilters?tournamentKey=m-itf-jpn-2026-009
bbfac27a-572c-4bbb-ae2d-c7790b26f108,113 ms,f3bcafb10ed51910f5d1616b0d49d29a5bb82e3b,GET,960 bytes,200,2026-06-26 00:36:53 UTC,https://www.itftennis.com/tennis/api/TournamentApi/GetEventFilters?tournamentKey=m-itf-jpn-2026-009
46a13518-1414-470b-9110-cad270a00290,113 ms,13bbd067a5997d4a5c2b02ab251d46292316aa41,GET,212 bytes,200,2026-06-26 00:36:54 UTC,https://www.itftennis.com/tennis/api/TournamentApi/GetEventFilters?tournamentKey=m-itf-usa-2026-021
7f49dff7-a0eb-457d-a414-116eb62d95b7,5909 ms,7ce41853304e7a76ec49f2189c59e4e32d65f7e7,GET,550983 bytes,200,2026-06-26 00:36:55 UTC,https://www.itftennis.com/en/tournament/m15-vaasa/fin/2026/m-itf-fin-2026-001/
b0637054-37a3-427b-941a-2543126c0d5a,136 ms,430635701be4271721b8936cc70ef8e46647c9f2,GET,212 bytes,200,2026-06-26 00:36:55 UTC,https://www.itftennis.com/tennis/api/TournamentApi/GetEventFilters?tournamentKey=m-itf-jpn-2026-009
0733658c-efff-48fc-8103-ffc0ba29690c,311 ms,f446a58244822c90c3e1e94f526332bc91662fbe,GET,212 bytes,200,2026-06-26 00:36:55 UTC,https://www.itftennis.com/tennis/api/TournamentApi/GetEventFilters?tournamentKey=m-itf-fin-2026-001
9e682635-8d37-4456-9a90-f1caee6b320e,7036 ms,518f2661ab8e038d11de370d2c90858455d7aedb,GET,582775 bytes,200,2026-06-26 00:37:02 UTC,https://www.itftennis.com/en/tournament/m15-kayseri/tur/2026/m-itf-tur-2026-017/
68d23164-64a8-441d-ada4-17c33d9bfd9d,181 ms,0c3d7637bafcbc2973fef2d0ccffc1ccf47dea97,GET,212 bytes,200,2026-06-26 00:37:02 UTC,https://www.itftennis.com/tennis/api/TournamentApi/GetEventFilters?tournamentKey=m-itf-tur-2026-017
81d79ef7-608f-4124-8586-879d33efae0a,25933 ms,07d608a5a14895ba59e1e76b0a2525b5f9d131e5,GET,668768 bytes,200,2026-06-26 00:37:06 UTC,https://www.itftennis.com/en/tournament/m15-nyiregyhaza/hun/2026/m-itf-hun-2026-002/
d4a6a2fc-8044-42f3-9a8d-a5eefb5bfd54,525 ms,f01a08282c2e7f641c530276cf9d5d8ef49e446b,GET,212 bytes,200,2026-06-26 00:37:06 UTC,https://www.itftennis.com/tennis/api/TournamentApi/GetEventFilters?tournamentKey=m-itf-hun-2026-002
654b41db-0ff0-42ca-9f2e-ed80c070c6a1,6159 ms,1bffdf76ab320bb39e55df99af6b9a14f91689cd,GET,433362 bytes,200,2026-06-26 00:37:11 UTC,https://www.itftennis.com/en/tournament/m25-tulsa-ok/usa/2026/m-itf-usa-2026-022/
302c81ad-bbf2-4fc3-aaed-2cf215cf675d,146 ms,5eacd29df52f00aab1e43bd912ecc485056e79e2,GET,212 bytes,200,2026-06-26 00:37:11 UTC,https://www.itftennis.com/tennis/api/TournamentApi/GetEventFilters?tournamentKey=m-itf-usa-2026-022
a273cfbf-6c26-4c56-a90b-f6a32373b4bd,5776 ms,984bd9fa4926cd753732a0932c0ce86e2bb24d47,GET,579323 bytes,200,2026-06-26 00:37:13 UTC,https://www.itftennis.com/en/tournament/m25-samobor/cro/2026/m-itf-cro-2026-004/
5f75689b-5ded-4436-9e83-0a90a83652a5,378 ms,b928c08c741513b46053c99cb45a75887bd14a16,GET,212 bytes,200,2026-06-26 00:37:14 UTC,https://www.itftennis.com/tennis/api/TournamentApi/GetEventFilters?tournamentKey=m-itf-cro-2026-004
b4cb2294-4865-481e-ad43-bde070ecdac4,24277 ms,ab884d3fe5d385921e5b34f73b50a2fa1f913619,GET,631941 bytes,200,2026-06-26 00:37:17 UTC,https://www.itftennis.com/en/tournament/m15-messina/ita/2026/m-itf-ita-2026-003/
35d2deb0-20d8-47c3-8cd7-8a8efc5b8d9f,465 ms,c7a6cbb769e986d88fe2abdf90e4d69a40862bed,GET,212 bytes,200,2026-06-26 00:37:18 UTC,https://www.itftennis.com/tennis/api/TournamentApi/GetEventFilters?tournamentKey=m-itf-ita-2026-003
255e865a-032e-4cd1-bfc2-7aaafb667ad5,24205 ms,89ae83e632ae0fd3f9ae588adbbf380f0877db8b,GET,645586 bytes,200,2026-06-26 00:37:23 UTC,https://www.itftennis.com/en/tournament/m25-milano/ita/2026/m-itf-ita-2026-035/
a753cc46-7a2c-4a65-886e-d898e94b1faa,123 ms,2f29301170e22c381f95de7858d7553eedf84a4b,GET,212 bytes,200,2026-06-26 00:37:23 UTC,https://www.itftennis.com/tennis/api/TournamentApi/GetEventFilters?tournamentKey=m-itf-ita-2026-035
a42faf03-747c-4f19-b0c2-21918798c808,25166 ms,0d8fde13792d1c7ba6d162c37b8e439ad5cf2ac1,GET,552408 bytes,200,2026-06-26 00:37:25 UTC,https://www.itftennis.com/en/tournament/m25-klosters/sui/2026/m-itf-sui-2026-002/
247de505-94fd-4244-b942-38374a8e2efd,221 ms,3e7c1c3c4770ec46ca2697cfca86612f290ab89c,GET,212 bytes,200,2026-06-26 00:37:26 UTC,https://www.itftennis.com/tennis/api/TournamentApi/GetEventFilters?tournamentKey=m-itf-sui-2026-002
cdfbbf2a-d4dc-4e6f-b8a9-d327029e929a,6230 ms,3e3cafef410fe7d2ffec9f1c432d90d1a57d3d2c,GET,655415 bytes,200,2026-06-26 00:37:33 UTC,https://www.itftennis.com/en/tournament/m15-kursumlijska-banja-/srb/2026/m-itf-srb-2026-006/
d3e46586-6871-45a7-a29e-8597c20a7ff8,326 ms,ab3e6af0c2aee47db5e76486a9251707721693d6,GET,212 bytes,200,2026-06-26 00:37:33 UTC,https://www.itftennis.com/tennis/api/TournamentApi/GetEventFilters?tournamentKey=m-itf-srb-2026-006
dc7800b0-56d1-4f69-ae9f-cf60eb0a3a32,24156 ms,78b95c7ee7106989a9642f993f520b7b8c482fb5,GET,490334 bytes,200,2026-06-26 00:37:36 UTC,https://www.itftennis.com/en/tournament/m25-lourinha/por/2026/m-itf-por-2026-008/
41cf2191-8fa9-4697-9d78-a2a41af4b7f0,356 ms,3e1451d3abc13fe190a704bb6dc810a1edf1370d,GET,659 bytes,200,2026-06-26 00:37:37 UTC,https://www.itftennis.com/tennis/api/TournamentApi/GetEventFilters?tournamentKey=m-itf-por-2026-008
35cbed2f-7eb0-4def-82be-8a1f2a17c65d,307 ms,7ce757d84d85772ed926e3423fe5d4e603d22a29,GET,212 bytes,200,2026-06-26 00:37:37 UTC,https://www.itftennis.com/tennis/api/TournamentApi/GetDrawsheet
82fcbade-45e3-4d77-8984-6e16896b5864,283 ms,7ce757d84d85772ed926e3423fe5d4e603d22a29,GET,212 bytes,200,2026-06-26 00:37:37 UTC,https://www.itftennis.com/tennis/api/TournamentApi/GetDrawsheet
6fec51d5-c15f-4b05-aa89-5ad46452f22b,459 ms,7ce757d84d85772ed926e3423fe5d4e603d22a29,GET,212 bytes,200,2026-06-26 00:37:38 UTC,https://www.itftennis.com/tennis/api/TournamentApi/GetDrawsheet
8a2d4a96-6e7d-4c59-927c-a465c7c3c2a8,4443 ms,f7471d896caff5434172719dd89bc8b43bbb0bd7,GET,623777 bytes,200,2026-06-26 00:37:39 UTC,https://www.itftennis.com/en/tournament/m15-monastir/tun/2026/m-itf-tun-2026-029/
4ddda8d2-9e50-40b3-be1a-2563b344ec1d,24488 ms,6bf0bc02b60d7a7d0f03cf4eeb4ce5064580ad20,GET,229513 bytes,200,2026-06-26 00:37:39 UTC,https://www.itftennis.com/en/tournament/m25-cattolica-(cancelled)/ita/2026/m-itf-ita-2026-002/
f0cdaeaa-2eec-44b9-9a70-016f10d963c6,320 ms,ebf331791cda72d473b18ce6c2d1208f3a969a64,GET,212 bytes,200,2026-06-26 00:37:39 UTC,https://www.itftennis.com/tennis/api/TournamentApi/GetEventFilters?tournamentKey=m-itf-tun-2026-029
5338e3d5-80ed-4fe0-9224-70e28b2e8f86,382 ms,ef546183ac6f9203c1d314e20a2b1909f4ea152c,GET,212 bytes,200,2026-06-26 00:37:39 UTC,https://www.itftennis.com/tennis/api/TournamentApi/GetEventFilters?tournamentKey=m-itf-ita-2026-002
eb8df4e2-5600-4c98-b537-207993e8f830,23815 ms,1c1340a35e3a051103d4c341b5372954c9a59108,GET,662609 bytes,200,2026-06-26 00:37:43 UTC,https://www.itftennis.com/en/tournament/m15-saarlouis/ger/2026/m-itf-ger-2026-020/
61de612a-bd11-4ebf-ae9f-0694eebcd2d5,553 ms,2e57295059266c6adb851b1e6492c737b2fd59e4,GET,212 bytes,200,2026-06-26 00:37:43 UTC,https://www.itftennis.com/tennis/api/TournamentApi/GetEventFilters?tournamentKey=m-itf-ger-2026-020
526fdde8-975d-4cab-b87d-cc9d7ff98599,7916 ms,d2631b36a51192cf5d82094a69dd38e50a9496ec,GET,487134 bytes,200,2026-06-26 00:37:47 UTC,https://www.itftennis.com/en/tournament/m15-maanshan/chn/2026/m-itf-chn-2026-015/
33463d36-ae1e-4a5d-b7c6-11c7c3c030c9,2080 ms,6294c4d71b2f8bf540ad0bd802acf4cd052571f6,GET,659 bytes,200,2026-06-26 00:37:49 UTC,https://www.itftennis.com/tennis/api/TournamentApi/GetEventFilters?tournamentKey=m-itf-chn-2026-015
939bcf48-7315-4a4a-9336-2e91f5eee052,24969 ms,e496d1f5239db1cd7c6d0d34e345cd4440dc9004,GET,583139 bytes,200,2026-06-26 00:37:49 UTC,https://www.itftennis.com/en/tournament/m15-mungia-laukariz/esp/2026/m-itf-esp-2026-035/
ed411ceb-0a04-479d-a445-77c596f7de91,245 ms,63a3be5f8a8a460d0ee3b3f1f82b12f9b1797caf,GET,850 bytes,200,2026-06-26 00:37:49 UTC,https://www.itftennis.com/tennis/api/TournamentApi/GetDrawsheet
5f461359-a2e1-421e-877c-c0d3b09395b1,338 ms,2c9867290e99deb3ff7da05f0321c457ba03d93e,GET,659 bytes,200,2026-06-26 00:37:49 UTC,https://www.itftennis.com/tennis/api/TournamentApi/GetEventFilters?tournamentKey=m-itf-esp-2026-035
db4c0050-a969-4f78-ab97-26d9e6057f79,29 ms,7ce757d84d85772ed926e3423fe5d4e603d22a29,GET,212 bytes,200,2026-06-26 00:37:49 UTC,https://www.itftennis.com/tennis/api/TournamentApi/GetDrawsheet
5a7724b7-9dc7-4ea0-9575-f5bc1e10d807,169 ms,7ce757d84d85772ed926e3423fe5d4e603d22a29,GET,212 bytes,200,2026-06-26 00:37:49 UTC,https://www.itftennis.com/tennis/api/TournamentApi/GetDrawsheet
16f9de58-6b12-406e-b214-6d29c469618c,8490 ms,4295f1780c10f6009e9aaeea46d3a9417f820bc8,GET,453645 bytes,200,2026-06-26 00:37:49 UTC,https://www.itftennis.com/en/tournament/m15-irvine/usa/2026/m-itf-usa-2026-023/
902f3bd8-1370-4fcb-ac6d-781bce00fda2,8595 ms,2db95dc1979a2ac08b42134ce870f779a3cedc9d,GET,605981 bytes,200,2026-06-26 00:37:49 UTC,https://www.itftennis.com/en/tournament/m15-constanta/rou/2026/m-itf-rou-2026-004/
e5e83be3-b520-4d80-bfdf-dc3d6bb1a894,116 ms,4027f1eed1b9efc7709663fad45cdd3587c4a183,GET,212 bytes,200,2026-06-26 00:37:50 UTC,https://www.itftennis.com/tennis/api/TournamentApi/GetEventFilters?tournamentKey=m-itf-usa-2026-023
2c1ddc9c-aec7-4aec-b276-973a8d0489c4,133 ms,72cc0326233eda3cf23e540aa750ba636a1f0622,GET,212 bytes,200,2026-06-26 00:37:50 UTC,https://www.itftennis.com/tennis/api/TournamentApi/GetEventFilters?tournamentKey=m-itf-rou-2026-004
10136376-636a-4547-b724-de7d9c72668b,251 ms,7ce757d84d85772ed926e3423fe5d4e603d22a29,GET,212 bytes,200,2026-06-26 00:37:50 UTC,https://www.itftennis.com/tennis/api/TournamentApi/GetDrawsheet
d34f66f6-1fed-428a-afcb-f21ea3fd0648,106 ms,7ce757d84d85772ed926e3423fe5d4e603d22a29,GET,212 bytes,200,2026-06-26 00:37:50 UTC,https://www.itftennis.com/tennis/api/TournamentApi/GetDrawsheet
40654676-0311-4305-86b8-e5ea872e7bfa,79 ms,7ce757d84d85772ed926e3423fe5d4e603d22a29,GET,212 bytes,200,2026-06-26 00:37:50 UTC,https://www.itftennis.com/tennis/api/TournamentApi/GetDrawsheet
b35149c4-19a6-45ad-9965-2dbcbd53100f,200 ms,7ce757d84d85772ed926e3423fe5d4e603d22a29,GET,212 bytes,200,2026-06-26 00:37:50 UTC,https://www.itftennis.com/tennis/api/TournamentApi/GetDrawsheet
e4667672-e0ea-4b17-aa17-13ebb01f4b5c,6871 ms,a3404f6c609d5c1fb553329f08024149fdcc8cb5,GET,478032 bytes,200,2026-06-26 00:37:52 UTC,https://www.itftennis.com/en/tournament/m15-tokyo/jpn/2026/m-itf-jpn-2026-011/
3aebab61-45a3-43e1-9b31-b5dfe404a0d7,430 ms,ef89acddc32011733bbc4ee57e4d5d7742e4d9ae,GET,212 bytes,200,2026-06-26 00:37:52 UTC,https://www.itftennis.com/tennis/api/TournamentApi/GetEventFilters?tournamentKey=m-itf-jpn-2026-011
e8e12afa-1d7c-4bb5-8be6-b44318f6af09,7014 ms,42962cf17b3787c5a815b4f49103ed67b19084fe,GET,636761 bytes,200,2026-06-26 00:37:58 UTC,https://www.itftennis.com/en/tournament/m15-bourg-en-bresse/fra/2026/m-itf-fra-2026-017/
faed1e05-4c52-467c-9b31-f621dc4fb7d4,143 ms,b1a96b368c2defdd424c7b7dd1c85f33eeda37e7,GET,212 bytes,200,2026-06-26 00:37:58 UTC,https://www.itftennis.com/tennis/api/TournamentApi/GetEventFilters?tournamentKey=m-itf-fra-2026-017
a02c3afc-9de6-4798-acd6-f1b0b268bb9d,7881 ms,edb7acbd0fe6472bff97b3c8591a52754012f409,GET,655194 bytes,200,2026-06-26 00:37:59 UTC,https://www.itftennis.com/en/tournament/m15-gyula/hun/2026/m-itf-hun-2026-003/
35562f6b-90ad-4c65-b222-86fab2682340,516 ms,2b01793ddcc370d1b6f3711098fdb4b1533dbe4d,GET,212 bytes,200,2026-06-26 00:38:00 UTC,https://www.itftennis.com/tennis/api/TournamentApi/GetEventFilters?tournamentKey=m-itf-hun-2026-003
68e459c4-b1af-4a6b-88ec-2cb511752530,8383 ms,ea6e6a927c7b5496ab5b4b8575e47becfe9d2352,GET,601689 bytes,200,2026-06-26 00:38:00 UTC,https://www.itftennis.com/en/tournament/m15-kayseri/tur/2026/m-itf-tur-2026-018/
a8c33fc8-6a23-4273-8892-1f23340bd30d,519 ms,e2167f0576d922bec8c3dbf016714b37006cd891,GET,659 bytes,200,2026-06-26 00:38:00 UTC,https://www.itftennis.com/tennis/api/TournamentApi/GetEventFilters?tournamentKey=m-itf-tur-2026-018
83fc5edf-783a-415d-ab90-aa8bddf591e8,129 ms,7ce757d84d85772ed926e3423fe5d4e603d22a29,GET,212 bytes,200,2026-06-26 00:38:01 UTC,https://www.itftennis.com/tennis/api/TournamentApi/GetDrawsheet
3b026fcd-219a-4fdc-b054-4bcaa6634c11,549 ms,7ce757d84d85772ed926e3423fe5d4e603d22a29,GET,212 bytes,200,2026-06-26 00:38:01 UTC,https://www.itftennis.com/tennis/api/TournamentApi/GetDrawsheet
9864bb7d-386a-4cea-8652-be6b66d11a1c,494 ms,7ce757d84d85772ed926e3423fe5d4e603d22a29,GET,212 bytes,200,2026-06-26 00:38:02 UTC,https://www.itftennis.com/tennis/api/TournamentApi/GetDrawsheet
2e343784-e4f8-4022-90f0-c09bd958081a,5725 ms,d6c84d66e31a2368d5789dfec6b3413ff3d7522a,GET,236408 bytes,200,2026-06-26 00:38:09 UTC,https://www.itftennis.com/en/tournament/m25-zagreb/cro/2026/m-itf-cro-2026-012/
d2d8b6ad-17f0-4ee3-9fec-2ada3c291cdf,150 ms,336403beb675517c42b097ff1ed50a258392b38d,GET,659 bytes,200,2026-06-26 00:38:09 UTC,https://www.itftennis.com/tennis/api/TournamentApi/GetEventFilters?tournamentKey=m-itf-cro-2026-012
8035aebb-55ff-4320-b00c-0825e7a356d6,478 ms,7ce757d84d85772ed926e3423fe5d4e603d22a29,GET,212 bytes,200,2026-06-26 00:38:10 UTC,https://www.itftennis.com/tennis/api/TournamentApi/GetDrawsheet
39463181-2b7b-4fbc-8b2e-976cace7755e,353 ms,7ce757d84d85772ed926e3423fe5d4e603d22a29,GET,212 bytes,200,2026-06-26 00:38:10 UTC,https://www.itftennis.com/tennis/api/TournamentApi/GetDrawsheet
0206db95-e376-4048-9e15-80f427adcb68,161 ms,7ce757d84d85772ed926e3423fe5d4e603d22a29,GET,212 bytes,200,2026-06-26 00:38:10 UTC,https://www.itftennis.com/tennis/api/TournamentApi/GetDrawsheet
38e5b149-74b6-41f0-9d17-e3b719ef3f3b,26379 ms,72ff8b2e9b58b2a661de548f41bbdd4477b29959,GET,236364 bytes,200,2026-06-26 00:38:19 UTC,https://www.itftennis.com/en/tournament/m25-montauban-(cancelled)/fra/2026/m-itf-fra-2026-013/
da8d101e-3d05-40a9-8060-756055183611,193 ms,2d6c19a3f84da2f34e05dfda3f2412119b68acdb,GET,212 bytes,200,2026-06-26 00:38:19 UTC,https://www.itftennis.com/tennis/api/TournamentApi/GetEventFilters?tournamentKey=m-itf-fra-2026-013
ab034f8b-afe1-4ab5-a164-48f1a47b854e,24394 ms,2f28092936cef76f81b4e5c89ea30fd1291c3e47,GET,236352 bytes,200,2026-06-26 00:38:19 UTC,https://www.itftennis.com/en/tournament/m25-brussels/bel/2026/m-itf-bel-2026-001/
34903b03-91bc-45c2-9229-26103bdfbe22,239 ms,40fef6dbd9d20e611fe1f8c65ee5036c13944838,GET,659 bytes,200,2026-06-26 00:38:20 UTC,https://www.itftennis.com/tennis/api/TournamentApi/GetEventFilters?tournamentKey=m-itf-bel-2026-001
6b532c56-347e-4199-9bb2-143cf49b78ca,222 ms,7ce757d84d85772ed926e3423fe5d4e603d22a29,GET,212 bytes,200,2026-06-26 00:38:20 UTC,https://www.itftennis.com/tennis/api/TournamentApi/GetDrawsheet
6d111ef0-b025-4bf1-bb99-37242a86b39b,255 ms,7ce757d84d85772ed926e3423fe5d4e603d22a29,GET,212 bytes,200,2026-06-26 00:38:20 UTC,https://www.itftennis.com/tennis/api/TournamentApi/GetDrawsheet
39e76b7b-0fcc-481c-93ae-1b8b0cefed39,260 ms,7ce757d84d85772ed926e3423fe5d4e603d22a29,GET,212 bytes,200,2026-06-26 00:38:20 UTC,https://www.itftennis.com/tennis/api/TournamentApi/GetDrawsheet
d90630ef-9054-46cc-9f03-f27f6629d5cf,25423 ms,c6019d4f56175feaccce0cfb5578bb56d666d3e8,GET,236025 bytes,200,2026-06-26 00:38:27 UTC,https://www.itftennis.com/en/tournament/m25-porto/por/2026/m-itf-por-2026-010/
0da89e95-9e23-4c5b-aeda-cf4b380d30af,547 ms,9f0b02a9d611a19d20d346db380377e9a1d4f9da,GET,659 bytes,200,2026-06-26 00:38:28 UTC,https://www.itftennis.com/tennis/api/TournamentApi/GetEventFilters?tournamentKey=m-itf-por-2026-010
99c6f003-bd8d-4ce9-b528-103cfa44386c,239 ms,7ce757d84d85772ed926e3423fe5d4e603d22a29,GET,212 bytes,200,2026-06-26 00:38:28 UTC,https://www.itftennis.com/tennis/api/TournamentApi/GetDrawsheet
19ae53bd-e9cb-433c-aa76-c9a0b52a8f7d,312 ms,7ce757d84d85772ed926e3423fe5d4e603d22a29,GET,212 bytes,200,2026-06-26 00:38:28 UTC,https://www.itftennis.com/tennis/api/TournamentApi/GetDrawsheet
68bdb7dc-81d5-406d-aa21-863ae45d80c9,6740 ms,c7df8b68fee63a7dda68271bed3c4e14e4429c37,GET,236721 bytes,200,2026-06-26 00:38:29 UTC,https://www.itftennis.com/en/tournament/m15-monastir/tun/2026/m-itf-tun-2026-030/
01c4fc16-8898-4dd7-9042-4b91278989d7,446 ms,22e2a99f58a941e28033f6b18161506cd894f1c7,GET,847 bytes,200,2026-06-26 00:38:29 UTC,https://www.itftennis.com/tennis/api/TournamentApi/GetDrawsheet
3f090745-277d-4ebd-8c0c-e88477ed3c38,189 ms,8c61a658afd37970c5d4d11808d645e3198d08e1,GET,212 bytes,200,2026-06-26 00:38:29 UTC,https://www.itftennis.com/tennis/api/TournamentApi/GetEventFilters?tournamentKey=m-itf-tun-2026-030
7ae39dca-8593-4a13-b120-16949a785376,185 ms,7ce757d84d85772ed926e3423fe5d4e603d22a29,GET,212 bytes,200,2026-06-26 00:38:30 UTC,https://www.itftennis.com/tennis/api/TournamentApi/GetDrawsheet
ff3ea71f-b8d6-4d9d-a439-bb386b94fc99,25414 ms,b8b5503f6bfa9f44918796769e4e1e2060a27bcd,GET,238046 bytes,200,2026-06-26 00:38:30 UTC,https://www.itftennis.com/en/tournament/m25-tanger/mar/2026/m-itf-mar-2026-002/
55da3258-c392-438a-aa76-ed7845e81cb8,206 ms,2dc91752c2c14644bb7defecf58ffd377fa2c934,GET,659 bytes,200,2026-06-26 00:38:30 UTC,https://www.itftennis.com/tennis/api/TournamentApi/GetEventFilters?tournamentKey=m-itf-mar-2026-002
3896a19a-2434-4e9b-94fd-82f73e710a4d,485 ms,7ce757d84d85772ed926e3423fe5d4e603d22a29,GET,212 bytes,200,2026-06-26 00:38:31 UTC,https://www.itftennis.com/tennis/api/TournamentApi/GetDrawsheet
2d29252f-c156-4d5c-9ea1-a90465c80247,240 ms,7ce757d84d85772ed926e3423fe5d4e603d22a29,GET,212 bytes,200,2026-06-26 00:38:31 UTC,https://www.itftennis.com/tennis/api/TournamentApi/GetDrawsheet
77dea3ad-8f0b-4c4d-911f-812e76d891fd,250 ms,7ce757d84d85772ed926e3423fe5d4e603d22a29,GET,212 bytes,200,2026-06-26 00:38:31 UTC,https://www.itftennis.com/tennis/api/TournamentApi/GetDrawsheet
09d7e907-134c-4c27-9e6f-7cadf7f62cfd,22993 ms,1d33ee244e105d5a00616429e48c7338e9ebeab8,GET,238032 bytes,200,2026-06-26 00:38:34 UTC,https://www.itftennis.com/en/tournament/m25-bakio/esp/2026/m-itf-esp-2026-036/
bce62141-8b0e-499d-9d5c-2c60ecd34ce1,180 ms,29586c283655b625dd7906af0af2112b4ddc851d,GET,659 bytes,200,2026-06-26 00:38:34 UTC,https://www.itftennis.com/tennis/api/TournamentApi/GetEventFilters?tournamentKey=m-itf-esp-2026-036
af896ca7-c2fe-4188-b31e-dc59951970ad,238 ms,7ce757d84d85772ed926e3423fe5d4e603d22a29,GET,212 bytes,200,2026-06-26 00:38:35 UTC,https://www.itftennis.com/tennis/api/TournamentApi/GetDrawsheet
40381317-26ab-413a-a77f-67b7007ab930,401 ms,7ce757d84d85772ed926e3423fe5d4e603d22a29,GET,212 bytes,200,2026-06-26 00:38:35 UTC,https://www.itftennis.com/tennis/api/TournamentApi/GetDrawsheet
d47d802c-cb5a-4531-9d52-2cf106a59637,173 ms,7ce757d84d85772ed926e3423fe5d4e603d22a29,GET,212 bytes,200,2026-06-26 00:38:35 UTC,https://www.itftennis.com/tennis/api/TournamentApi/GetDrawsheet
a9d8684d-51b5-4a71-9a51-107c148b5dd7,7197 ms,3093ab07ac1aec4d7e55dd9dc3c9153b543cd6b7,GET,235482 bytes,200,2026-06-26 00:38:39 UTC,https://www.itftennis.com/en/tournament/m15-rzeszow/pol/2026/m-itf-pol-2026-003/
feecac03-b7b6-4cc0-b106-a6838064332c,5946 ms,ca88cecbf69a8f87f885c511202e76caff0578af,GET,233977 bytes,200,2026-06-26 00:38:39 UTC,https://www.itftennis.com/en/tournament/m15-claremont/usa/2026/m-itf-usa-2026-026/
d5fd1b3b-5936-4011-90d4-860856fb2458,305 ms,9b109ee23a78c1ab8238fcfa06634718b59020f1,GET,659 bytes,200,2026-06-26 00:38:39 UTC,https://www.itftennis.com/tennis/api/TournamentApi/GetEventFilters?tournamentKey=m-itf-pol-2026-003
8f157b3a-08de-4c5d-a332-fc83692ab0fe,316 ms,c48aeb6dc6467d9d3928c9ef5bf6717ed169d72e,GET,659 bytes,200,2026-06-26 00:38:39 UTC,https://www.itftennis.com/tennis/api/TournamentApi/GetEventFilters?tournamentKey=m-itf-usa-2026-026
aa338d42-0504-4a99-965e-a792aebe3886,80 ms,7ce757d84d85772ed926e3423fe5d4e603d22a29,GET,212 bytes,200,2026-06-26 00:38:39 UTC,https://www.itftennis.com/tennis/api/TournamentApi/GetDrawsheet
684b620f-2185-41e5-9d07-31ad12e18fa9,222 ms,b5c58f4d809ca63782479a366c2acba71b33ab55,GET,845 bytes,200,2026-06-26 00:38:39 UTC,https://www.itftennis.com/tennis/api/TournamentApi/GetDrawsheet
4c24f062-31a3-457d-8949-fb2e8e20b00e,251 ms,7ce757d84d85772ed926e3423fe5d4e603d22a29,GET,212 bytes,200,2026-06-26 00:38:40 UTC,https://www.itftennis.com/tennis/api/TournamentApi/GetDrawsheet
ece457d9-71e2-406d-8c50-0e40656a8933,500 ms,8ffd87c5edd10d73ba5f55211a6ebf03970813a5,GET,846 bytes,200,2026-06-26 00:38:40 UTC,https://www.itftennis.com/tennis/api/TournamentApi/GetDrawsheet
e7b50c82-58d1-41db-be69-79abb5e552ed,208 ms,7ce757d84d85772ed926e3423fe5d4e603d22a29,GET,212 bytes,200,2026-06-26 00:38:40 UTC,https://www.itftennis.com/tennis/api/TournamentApi/GetDrawsheet
c45b65df-9f9b-4a35-9544-145ad1290177,464 ms,7ce757d84d85772ed926e3423fe5d4e603d22a29,GET,212 bytes,200,2026-06-26 00:38:41 UTC,https://www.itftennis.com/tennis/api/TournamentApi/GetDrawsheet
58fb9ef4-0d38-4778-8ef5-32084e735bb4,250 ms,7ce757d84d85772ed926e3423fe5d4e603d22a29,GET,212 bytes,200,2026-06-26 00:38:41 UTC,https://www.itftennis.com/tennis/api/TournamentApi/GetDrawsheet
ca185b37-e7c7-409f-acf3-19addebf9e18,423 ms,7ce757d84d85772ed926e3423fe5d4e603d22a29,GET,212 bytes,200,2026-06-26 00:38:41 UTC,https://www.itftennis.com/tennis/api/TournamentApi/GetDrawsheet
633dc9ad-66bf-4f18-8eee-aa4a25fdb268,5180 ms,4d6194687f4549437e9a6841277f84d706fe6c89,GET,238327 bytes,200,2026-06-26 00:38:42 UTC,https://www.itftennis.com/en/tournament/m15-slovenska-bistrica/slo/2026/m-itf-slo-2026-005/
00b7c1d0-373d-48d0-9c6c-ccdc5c5723c2,110 ms,e1ee1e01dbb8fc94835a7d5c77d7337ebd7f649a,GET,659 bytes,200,2026-06-26 00:38:43 UTC,https://www.itftennis.com/tennis/api/TournamentApi/GetEventFilters?tournamentKey=m-itf-slo-2026-005
9516ed03-0890-428b-af16-9699b3b7e0df,257 ms,7ce757d84d85772ed926e3423fe5d4e603d22a29,GET,212 bytes,200,2026-06-26 00:38:43 UTC,https://www.itftennis.com/tennis/api/TournamentApi/GetDrawsheet
afc2a537-5d6a-445e-a53a-cd8cdd5359b7,469 ms,7ce757d84d85772ed926e3423fe5d4e603d22a29,GET,212 bytes,200,2026-06-26 00:38:43 UTC,https://www.itftennis.com/tennis/api/TournamentApi/GetDrawsheet
0b654486-08f1-46b5-8079-e19fd2fef2c3,430 ms,7ce757d84d85772ed926e3423fe5d4e603d22a29,GET,212 bytes,200,2026-06-26 00:38:44 UTC,https://www.itftennis.com/tennis/api/TournamentApi/GetDrawsheet
a4fd3bb6-5afd-482f-a57a-f37f10dc8ed2,23806 ms,d49e57d63275b661f2700b1c184f7293368e41b0,GET,238515 bytes,200,2026-06-26 00:38:44 UTC,https://www.itftennis.com/en/tournament/m15-kursumlijska-banja-/srb/2026/m-itf-srb-2026-007/
65313491-2d95-4975-8bbd-effbce11a203,429 ms,f76e535ac80b9d186353fd9bd655f37249a9e4a6,GET,212 bytes,200,2026-06-26 00:38:44 UTC,https://www.itftennis.com/tennis/api/TournamentApi/GetEventFilters?tournamentKey=m-itf-srb-2026-007
3364e1e9-bbcd-424f-a5ab-868786d4c950,6428 ms,ad7f9e5286dc09938730a91cac397668ec8651df,GET,236828 bytes,200,2026-06-26 00:38:49 UTC,https://www.itftennis.com/en/tournament/m15-bergamo/ita/2026/m-itf-ita-2026-005/
85d9929d-a335-49ce-bb32-a81e58797d38,499 ms,6d2abfd241c3e20b1bc813e5769d2b76c22e3431,GET,659 bytes,200,2026-06-26 00:38:49 UTC,https://www.itftennis.com/tennis/api/TournamentApi/GetEventFilters?tournamentKey=m-itf-ita-2026-005
f534011f-bf65-4a64-8645-654f398d6b33,216 ms,7ce757d84d85772ed926e3423fe5d4e603d22a29,GET,212 bytes,200,2026-06-26 00:38:50 UTC,https://www.itftennis.com/tennis/api/TournamentApi/GetDrawsheet
e5e41ed1-3b9c-4231-a3fc-480fb5ad93d5,256 ms,7ce757d84d85772ed926e3423fe5d4e603d22a29,GET,212 bytes,200,2026-06-26 00:38:50 UTC,https://www.itftennis.com/tennis/api/TournamentApi/GetDrawsheet
a47ef142-4e04-4adf-a7df-ed1b03c39dd4,243 ms,7ce757d84d85772ed926e3423fe5d4e603d22a29,GET,212 bytes,200,2026-06-26 00:38:50 UTC,https://www.itftennis.com/tennis/api/TournamentApi/GetDrawsheet
f8b0d7f3-65b1-4e6b-96a2-31cfc4cfd4e1,6879 ms,06671b04e50ab15f6b96657d7e3bb4bf99ff4d35,GET,237151 bytes,200,2026-06-26 00:38:51 UTC,https://www.itftennis.com/en/tournament/m15-kayseri/tur/2026/m-itf-tur-2026-019/
acaf33df-db53-4ee9-a7e5-11a398af1114,171 ms,fe8bce436ead6c73651cf588428e11a3093203bc,GET,212 bytes,200,2026-06-26 00:38:51 UTC,https://www.itftennis.com/tennis/api/TournamentApi/GetEventFilters?tournamentKey=m-itf-tur-2026-019
06d97b37-f9b5-4524-bf70-b59ddbcd357a,6795 ms,d99bb674708608389f174f4fe6375cf076b24294,GET,236069 bytes,200,2026-06-26 00:38:53 UTC,https://www.itftennis.com/en/tournament/m15-kamen/ger/2026/m-itf-ger-2026-014/
ac705bac-abfc-4d16-83d4-67eebf5ecefc,419 ms,f1071cf576624fb3618d09fe3149f5cf5124e49d,GET,659 bytes,200,2026-06-26 00:38:53 UTC,https://www.itftennis.com/tennis/api/TournamentApi/GetEventFilters?tournamentKey=m-itf-ger-2026-014
c00ee522-8721-4023-aee3-80cfce6b0ab5,23771 ms,0396f55e451762b468fb6f9339418f1c3573b79b,GET,235852 bytes,200,2026-06-26 00:38:54 UTC,https://www.itftennis.com/en/tournament/m15-wuning/chn/2026/m-itf-chn-2026-016/
023eaad6-4161-4ad8-85f7-c51b1d5adaf9,191 ms,9fccdda21227366b853da7a89d0c051d905d7418,GET,212 bytes,200,2026-06-26 00:38:54 UTC,https://www.itftennis.com/tennis/api/TournamentApi/GetEventFilters?tournamentKey=m-itf-chn-2026-016
205baffa-3084-4308-a033-0c00d9ac0b0d,397 ms,7ce757d84d85772ed926e3423fe5d4e603d22a29,GET,212 bytes,200,2026-06-26 00:38:54 UTC,https://www.itftennis.com/tennis/api/TournamentApi/GetDrawsheet
7753e8fd-faae-455b-bbba-55c60bfbf88a,573 ms,7ce757d84d85772ed926e3423fe5d4e603d22a29,GET,212 bytes,200,2026-06-26 00:38:54 UTC,https://www.itftennis.com/tennis/api/TournamentApi/GetDrawsheet
327d3b5f-ab60-4def-8972-9ce9ecf6f83f,176 ms,7ce757d84d85772ed926e3423fe5d4e603d22a29,GET,212 bytes,200,2026-06-26 00:38:55 UTC,https://www.itftennis.com/tennis/api/TournamentApi/GetDrawsheet
bdaa9575-ee37-4f75-a5f2-dacc51986495,7851 ms,deb2c2fb4438b3fddbfb81034f7aca1164212251,GET,237024 bytes,200,2026-06-26 00:38:55 UTC,https://www.itftennis.com/en/tournament/m15-alkmaar/ned/2026/m-itf-ned-2026-004/
852c0337-5adf-42c3-9cb7-c1fb12a3263b,192 ms,3ab4aec8bc26785270193037a0898876c453adee,GET,659 bytes,200,2026-06-26 00:38:55 UTC,https://www.itftennis.com/tennis/api/TournamentApi/GetEventFilters?tournamentKey=m-itf-ned-2026-004
5aa72ad8-dd04-474b-8ef5-a51101aac98d,552 ms,7ce757d84d85772ed926e3423fe5d4e603d22a29,GET,212 bytes,200,2026-06-26 00:38:55 UTC,https://www.itftennis.com/tennis/api/TournamentApi/GetDrawsheet
8d758fab-445b-4cc1-805e-3c77dd8f5ee8,368 ms,7ce757d84d85772ed926e3423fe5d4e603d22a29,GET,212 bytes,200,2026-06-26 00:38:56 UTC,https://www.itftennis.com/tennis/api/TournamentApi/GetDrawsheet
74964c4b-03ab-497c-b21a-09dcb85dd7e8,70 ms,7ce757d84d85772ed926e3423fe5d4e603d22a29,GET,212 bytes,200,2026-06-26 00:38:56 UTC,https://www.itftennis.com/tennis/api/TournamentApi/GetDrawsheet
